,object_thumb,object_download,reference_url
"https://cdm16110.contentdm.oclc.org/utils/getthumbnail/collection/p16110coll2/id/104723","https://cdm16110.contentdm.oclc.org/utils/getfile/collection/p16110coll2/id/104723.pdf","https://temoshee.github.io/executiveorders/items/cdm104723.html"
"https://cdm16110.contentdm.oclc.org/utils/getthumbnail/collection/p16110coll2/id/104724","https://cdm16110.contentdm.oclc.org/utils/getfile/collection/p16110coll2/id/104724.pdf","https://temoshee.github.io/executiveorders/items/cdm104724.html"
"https://cdm16110.contentdm.oclc.org/utils/getthumbnail/collection/p16110coll2/id/104726","https://cdm16110.contentdm.oclc.org/utils/getfile/collection/p16110coll2/id/104726.pdf","https://temoshee.github.io/executiveorders/items/cdm104726.html"
"https://cdm16110.contentdm.oclc.org/utils/getthumbnail/collection/p16110coll2/id/104727","https://cdm16110.contentdm.oclc.org/utils/getfile/collection/p16110coll2/id/104727.pdf","https://temoshee.github.io/executiveorders/items/cdm104727.html"
"https://cdm16110.contentdm.oclc.org/utils/getthumbnail/collection/p16110coll2/id/104728","https://cdm16110.contentdm.oclc.org/utils/getfile/collection/p16110coll2/id/104728.pdf","https://temoshee.github.io/executiveorders/items/cdm104728.html"
"https://cdm16110.contentdm.oclc.org/utils/getthumbnail/collection/p16110coll2/id/104729","https://cdm16110.contentdm.oclc.org/utils/getfile/collection/p16110coll2/id/104729.pdf","https://temoshee.github.io/executiveorders/items/cdm104729.html"
"https://cdm16110.contentdm.oclc.org/utils/getthumbnail/collection/p16110coll2/id/104731","https://cdm16110.contentdm.oclc.org/utils/getfile/collection/p16110coll2/id/104731.pdf","https://temoshee.github.io/executiveorders/items/cdm104731.html"
"https://cdm16110.contentdm.oclc.org/utils/getthumbnail/collection/p16110coll2/id/104732","https://cdm16110.contentdm.oclc.org/utils/getfile/collection/p16110coll2/id/104732.pdf","https://temoshee.github.io/executiveorders/items/cdm104732.html"
"https://cdm16110.contentdm.oclc.org/utils/getthumbnail/collection/p16110coll2/id/104734","https://cdm16110.contentdm.oclc.org/utils/getfile/collection/p16110coll2/id/104734.pdf","https://temoshee.github.io/executiveorders/items/cdm104734.html"
"https://cdm16110.contentdm.oclc.org/utils/getthumbnail/collection/p16110coll2/id/104735","https://cdm16110.contentdm.oclc.org/utils/getfile/collection/p16110coll2/id/104735.pdf","https://temoshee.github.io/executiveorders/items/cdm104735.html"
"https://cdm16110.contentdm.oclc.org/utils/getthumbnail/collection/p16110coll2/id/104736","https://cdm16110.contentdm.oclc.org/utils/getfile/collection/p16110coll2/id/104736.pdf","https://temoshee.github.io/executiveorders/items/cdm104736.html"
"https://cdm16110.contentdm.oclc.org/utils/getthumbnail/collection/p16110coll2/id/104737","https://cdm16110.contentdm.oclc.org/utils/getfile/collection/p16110coll2/id/104737.pdf","https://temoshee.github.io/executiveorders/items/cdm104737.html"
"https://cdm16110.contentdm.oclc.org/utils/getthumbnail/collection/p16110coll2/id/104738","https://cdm16110.contentdm.oclc.org/utils/getfile/collection/p16110coll2/id/104738.pdf","https://temoshee.github.io/executiveorders/items/cdm104738.html"
"https://cdm16110.contentdm.oclc.org/utils/getthumbnail/collection/p16110coll2/id/104739","https://cdm16110.contentdm.oclc.org/utils/getfile/collection/p16110coll2/id/104739.pdf","https://temoshee.github.io/executiveorders/items/cdm104739.html"
"https://cdm16110.contentdm.oclc.org/utils/getthumbnail/collection/p16110coll2/id/104740","https://cdm16110.contentdm.oclc.org/utils/getfile/collection/p16110coll2/id/104740.pdf","https://temoshee.github.io/executiveorders/items/cdm104740.html"
"https://cdm16110.contentdm.oclc.org/utils/getthumbnail/collection/p16110coll2/id/104742","https://cdm16110.contentdm.oclc.org/utils/getfile/collection/p16110coll2/id/104742.pdf","https://temoshee.github.io/executiveorders/items/cdm104742.html"
"https://cdm16110.contentdm.oclc.org/utils/getthumbnail/collection/p16110coll2/id/104743","https://cdm16110.contentdm.oclc.org/utils/getfile/collection/p16110coll2/id/104743.pdf","https://temoshee.github.io/executiveorders/items/cdm104743.html"
"https://cdm16110.contentdm.oclc.org/utils/getthumbnail/collection/p16110coll2/id/104744","https://cdm16110.contentdm.oclc.org/utils/getfile/collection/p16110coll2/id/104744.pdf","https://temoshee.github.io/executiveorders/items/cdm104744.html"
"https://cdm16110.contentdm.oclc.org/utils/getthumbnail/collection/p16110coll2/id/104745","https://cdm16110.contentdm.oclc.org/utils/getfile/collection/p16110coll2/id/104745.pdf","https://temoshee.github.io/executiveorders/items/cdm104745.html"
"https://cdm16110.contentdm.oclc.org/utils/getthumbnail/collection/p16110coll2/id/104746","https://cdm16110.contentdm.oclc.org/utils/getfile/collection/p16110coll2/id/104746.pdf","https://temoshee.github.io/executiveorders/items/cdm104746.html"
"https://cdm16110.contentdm.oclc.org/utils/getthumbnail/collection/p16110coll2/id/104747","https://cdm16110.contentdm.oclc.org/utils/getfile/collection/p16110coll2/id/104747.pdf","https://temoshee.github.io/executiveorders/items/cdm104747.html"
"https://cdm16110.contentdm.oclc.org/utils/getthumbnail/collection/p16110coll2/id/104748","https://cdm16110.contentdm.oclc.org/utils/getfile/collection/p16110coll2/id/104748.pdf","https://temoshee.github.io/executiveorders/items/cdm104748.html"
"https://cdm16110.contentdm.oclc.org/utils/getthumbnail/collection/p16110coll2/id/104749","https://cdm16110.contentdm.oclc.org/utils/getfile/collection/p16110coll2/id/104749.pdf","https://temoshee.github.io/executiveorders/items/cdm104749.html"
"https://cdm16110.contentdm.oclc.org/utils/getthumbnail/collection/p16110coll2/id/104750","https://cdm16110.contentdm.oclc.org/utils/getfile/collection/p16110coll2/id/104750.pdf","https://temoshee.github.io/executiveorders/items/cdm104750.html"
"https://cdm16110.contentdm.oclc.org/utils/getthumbnail/collection/p16110coll2/id/104751","https://cdm16110.contentdm.oclc.org/utils/getfile/collection/p16110coll2/id/104751.pdf","https://temoshee.github.io/executiveorders/items/cdm104751.html"
"https://cdm16110.contentdm.oclc.org/utils/getthumbnail/collection/p16110coll2/id/104752","https://cdm16110.contentdm.oclc.org/utils/getfile/collection/p16110coll2/id/104752.pdf","https://temoshee.github.io/executiveorders/items/cdm104752.html"
"https://cdm16110.contentdm.oclc.org/utils/getthumbnail/collection/p16110coll2/id/104753","https://cdm16110.contentdm.oclc.org/utils/getfile/collection/p16110coll2/id/104753.pdf","https://temoshee.github.io/executiveorders/items/cdm104753.html"
"https://cdm16110.contentdm.oclc.org/utils/getthumbnail/collection/p16110coll2/id/104754","https://cdm16110.contentdm.oclc.org/utils/getfile/collection/p16110coll2/id/104754.pdf","https://temoshee.github.io/executiveorders/items/cdm104754.html"
"https://cdm16110.contentdm.oclc.org/utils/getthumbnail/collection/p16110coll2/id/104755","https://cdm16110.contentdm.oclc.org/utils/getfile/collection/p16110coll2/id/104755.pdf","https://temoshee.github.io/executiveorders/items/cdm104755.html"
"https://cdm16110.contentdm.oclc.org/utils/getthumbnail/collection/p16110coll2/id/104756","https://cdm16110.contentdm.oclc.org/utils/getfile/collection/p16110coll2/id/104756.pdf","https://temoshee.github.io/executiveorders/items/cdm104756.html"
"https://cdm16110.contentdm.oclc.org/utils/getthumbnail/collection/p16110coll2/id/104757","https://cdm16110.contentdm.oclc.org/utils/getfile/collection/p16110coll2/id/104757.pdf","https://temoshee.github.io/executiveorders/items/cdm104757.html"
"https://cdm16110.contentdm.oclc.org/utils/getthumbnail/collection/p16110coll2/id/104758","https://cdm16110.contentdm.oclc.org/utils/getfile/collection/p16110coll2/id/104758.pdf","https://temoshee.github.io/executiveorders/items/cdm104758.html"
"https://cdm16110.contentdm.oclc.org/utils/getthumbnail/collection/p16110coll2/id/104759","https://cdm16110.contentdm.oclc.org/utils/getfile/collection/p16110coll2/id/104759.pdf","https://temoshee.github.io/executiveorders/items/cdm104759.html"
"https://cdm16110.contentdm.oclc.org/utils/getthumbnail/collection/p16110coll2/id/104760","https://cdm16110.contentdm.oclc.org/utils/getfile/collection/p16110coll2/id/104760.pdf","https://temoshee.github.io/executiveorders/items/cdm104760.html"
"https://cdm16110.contentdm.oclc.org/utils/getthumbnail/collection/p16110coll2/id/104761","https://cdm16110.contentdm.oclc.org/utils/getfile/collection/p16110coll2/id/104761.pdf","https://temoshee.github.io/executiveorders/items/cdm104761.html"
"https://cdm16110.contentdm.oclc.org/utils/getthumbnail/collection/p16110coll2/id/104762","https://cdm16110.contentdm.oclc.org/utils/getfile/collection/p16110coll2/id/104762.pdf","https://temoshee.github.io/executiveorders/items/cdm104762.html"
"https://cdm16110.contentdm.oclc.org/utils/getthumbnail/collection/p16110coll2/id/104763","https://cdm16110.contentdm.oclc.org/utils/getfile/collection/p16110coll2/id/104763.pdf","https://temoshee.github.io/executiveorders/items/cdm104763.html"
"https://cdm16110.contentdm.oclc.org/utils/getthumbnail/collection/p16110coll2/id/104764","https://cdm16110.contentdm.oclc.org/utils/getfile/collection/p16110coll2/id/104764.pdf","https://temoshee.github.io/executiveorders/items/cdm104764.html"
"https://cdm16110.contentdm.oclc.org/utils/getthumbnail/collection/p16110coll2/id/104765","https://cdm16110.contentdm.oclc.org/utils/getfile/collection/p16110coll2/id/104765.pdf","https://temoshee.github.io/executiveorders/items/cdm104765.html"
"https://cdm16110.contentdm.oclc.org/utils/getthumbnail/collection/p16110coll2/id/104766","https://cdm16110.contentdm.oclc.org/utils/getfile/collection/p16110coll2/id/104766.pdf","https://temoshee.github.io/executiveorders/items/cdm104766.html"
"https://cdm16110.contentdm.oclc.org/utils/getthumbnail/collection/p16110coll2/id/104767","https://cdm16110.contentdm.oclc.org/utils/getfile/collection/p16110coll2/id/104767.pdf","https://temoshee.github.io/executiveorders/items/cdm104767.html"
"https://cdm16110.contentdm.oclc.org/utils/getthumbnail/collection/p16110coll2/id/104768","https://cdm16110.contentdm.oclc.org/utils/getfile/collection/p16110coll2/id/104768.pdf","https://temoshee.github.io/executiveorders/items/cdm104768.html"
"https://cdm16110.contentdm.oclc.org/utils/getthumbnail/collection/p16110coll2/id/104769","https://cdm16110.contentdm.oclc.org/utils/getfile/collection/p16110coll2/id/104769.pdf","https://temoshee.github.io/executiveorders/items/cdm104769.html"
"https://cdm16110.contentdm.oclc.org/utils/getthumbnail/collection/p16110coll2/id/104770","https://cdm16110.contentdm.oclc.org/utils/getfile/collection/p16110coll2/id/104770.pdf","https://temoshee.github.io/executiveorders/items/cdm104770.html"
"https://cdm16110.contentdm.oclc.org/utils/getthumbnail/collection/p16110coll2/id/104771","https://cdm16110.contentdm.oclc.org/utils/getfile/collection/p16110coll2/id/104771.pdf","https://temoshee.github.io/executiveorders/items/cdm104771.html"
"https://cdm16110.contentdm.oclc.org/utils/getthumbnail/collection/p16110coll2/id/104772","https://cdm16110.contentdm.oclc.org/utils/getfile/collection/p16110coll2/id/104772.pdf","https://temoshee.github.io/executiveorders/items/cdm104772.html"
"https://cdm16110.contentdm.oclc.org/utils/getthumbnail/collection/p16110coll2/id/104773","https://cdm16110.contentdm.oclc.org/utils/getfile/collection/p16110coll2/id/104773.pdf","https://temoshee.github.io/executiveorders/items/cdm104773.html"
"https://cdm16110.contentdm.oclc.org/utils/getthumbnail/collection/p16110coll2/id/104774","https://cdm16110.contentdm.oclc.org/utils/getfile/collection/p16110coll2/id/104774.pdf","https://temoshee.github.io/executiveorders/items/cdm104774.html"
"https://cdm16110.contentdm.oclc.org/utils/getthumbnail/collection/p16110coll2/id/104775","https://cdm16110.contentdm.oclc.org/utils/getfile/collection/p16110coll2/id/104775.pdf","https://temoshee.github.io/executiveorders/items/cdm104775.html"
"https://cdm16110.contentdm.oclc.org/utils/getthumbnail/collection/p16110coll2/id/104777","https://cdm16110.contentdm.oclc.org/utils/getfile/collection/p16110coll2/id/104777.pdf","https://temoshee.github.io/executiveorders/items/cdm104777.html"
"https://cdm16110.contentdm.oclc.org/utils/getthumbnail/collection/p16110coll2/id/104778","https://cdm16110.contentdm.oclc.org/utils/getfile/collection/p16110coll2/id/104778.pdf","https://temoshee.github.io/executiveorders/items/cdm104778.html"
"https://cdm16110.contentdm.oclc.org/utils/getthumbnail/collection/p16110coll2/id/104779","https://cdm16110.contentdm.oclc.org/utils/getfile/collection/p16110coll2/id/104779.pdf","https://temoshee.github.io/executiveorders/items/cdm104779.html"
"https://cdm16110.contentdm.oclc.org/utils/getthumbnail/collection/p16110coll2/id/104780","https://cdm16110.contentdm.oclc.org/utils/getfile/collection/p16110coll2/id/104780.pdf","https://temoshee.github.io/executiveorders/items/cdm104780.html"
"https://cdm16110.contentdm.oclc.org/utils/getthumbnail/collection/p16110coll2/id/104781","https://cdm16110.contentdm.oclc.org/utils/getfile/collection/p16110coll2/id/104781.pdf","https://temoshee.github.io/executiveorders/items/cdm104781.html"
"https://cdm16110.contentdm.oclc.org/utils/getthumbnail/collection/p16110coll2/id/104782","https://cdm16110.contentdm.oclc.org/utils/getfile/collection/p16110coll2/id/104782.pdf","https://temoshee.github.io/executiveorders/items/cdm104782.html"
"https://cdm16110.contentdm.oclc.org/utils/getthumbnail/collection/p16110coll2/id/104783","https://cdm16110.contentdm.oclc.org/utils/getfile/collection/p16110coll2/id/104783.pdf","https://temoshee.github.io/executiveorders/items/cdm104783.html"
"https://cdm16110.contentdm.oclc.org/utils/getthumbnail/collection/p16110coll2/id/104784","https://cdm16110.contentdm.oclc.org/utils/getfile/collection/p16110coll2/id/104784.pdf","https://temoshee.github.io/executiveorders/items/cdm104784.html"
"https://cdm16110.contentdm.oclc.org/utils/getthumbnail/collection/p16110coll2/id/104785","https://cdm16110.contentdm.oclc.org/utils/getfile/collection/p16110coll2/id/104785.pdf","https://temoshee.github.io/executiveorders/items/cdm104785.html"
"https://cdm16110.contentdm.oclc.org/utils/getthumbnail/collection/p16110coll2/id/104786","https://cdm16110.contentdm.oclc.org/utils/getfile/collection/p16110coll2/id/104786.pdf","https://temoshee.github.io/executiveorders/items/cdm104786.html"
"https://cdm16110.contentdm.oclc.org/utils/getthumbnail/collection/p16110coll2/id/104787","https://cdm16110.contentdm.oclc.org/utils/getfile/collection/p16110coll2/id/104787.pdf","https://temoshee.github.io/executiveorders/items/cdm104787.html"
"https://cdm16110.contentdm.oclc.org/utils/getthumbnail/collection/p16110coll2/id/104788","https://cdm16110.contentdm.oclc.org/utils/getfile/collection/p16110coll2/id/104788.pdf","https://temoshee.github.io/executiveorders/items/cdm104788.html"
"https://cdm16110.contentdm.oclc.org/utils/getthumbnail/collection/p16110coll2/id/104789","https://cdm16110.contentdm.oclc.org/utils/getfile/collection/p16110coll2/id/104789.pdf","https://temoshee.github.io/executiveorders/items/cdm104789.html"
"https://cdm16110.contentdm.oclc.org/utils/getthumbnail/collection/p16110coll2/id/104790","https://cdm16110.contentdm.oclc.org/utils/getfile/collection/p16110coll2/id/104790.pdf","https://temoshee.github.io/executiveorders/items/cdm104790.html"
"https://cdm16110.contentdm.oclc.org/utils/getthumbnail/collection/p16110coll2/id/104791","https://cdm16110.contentdm.oclc.org/utils/getfile/collection/p16110coll2/id/104791.pdf","https://temoshee.github.io/executiveorders/items/cdm104791.html"
"https://cdm16110.contentdm.oclc.org/utils/getthumbnail/collection/p16110coll2/id/104792","https://cdm16110.contentdm.oclc.org/utils/getfile/collection/p16110coll2/id/104792.pdf","https://temoshee.github.io/executiveorders/items/cdm104792.html"
"https://cdm16110.contentdm.oclc.org/utils/getthumbnail/collection/p16110coll2/id/104794","https://cdm16110.contentdm.oclc.org/utils/getfile/collection/p16110coll2/id/104794.pdf","https://temoshee.github.io/executiveorders/items/cdm104794.html"
"https://cdm16110.contentdm.oclc.org/utils/getthumbnail/collection/p16110coll2/id/104795","https://cdm16110.contentdm.oclc.org/utils/getfile/collection/p16110coll2/id/104795.pdf","https://temoshee.github.io/executiveorders/items/cdm104795.html"
"https://cdm16110.contentdm.oclc.org/utils/getthumbnail/collection/p16110coll2/id/104796","https://cdm16110.contentdm.oclc.org/utils/getfile/collection/p16110coll2/id/104796.pdf","https://temoshee.github.io/executiveorders/items/cdm104796.html"
"https://cdm16110.contentdm.oclc.org/utils/getthumbnail/collection/p16110coll2/id/104797","https://cdm16110.contentdm.oclc.org/utils/getfile/collection/p16110coll2/id/104797.pdf","https://temoshee.github.io/executiveorders/items/cdm104797.html"
"https://cdm16110.contentdm.oclc.org/utils/getthumbnail/collection/p16110coll2/id/104798","https://cdm16110.contentdm.oclc.org/utils/getfile/collection/p16110coll2/id/104798.pdf","https://temoshee.github.io/executiveorders/items/cdm104798.html"
"https://cdm16110.contentdm.oclc.org/utils/getthumbnail/collection/p16110coll2/id/104799","https://cdm16110.contentdm.oclc.org/utils/getfile/collection/p16110coll2/id/104799.pdf","https://temoshee.github.io/executiveorders/items/cdm104799.html"
"https://cdm16110.contentdm.oclc.org/utils/getthumbnail/collection/p16110coll2/id/104800","https://cdm16110.contentdm.oclc.org/utils/getfile/collection/p16110coll2/id/104800.pdf","https://temoshee.github.io/executiveorders/items/cdm104800.html"
"https://cdm16110.contentdm.oclc.org/utils/getthumbnail/collection/p16110coll2/id/104801","https://cdm16110.contentdm.oclc.org/utils/getfile/collection/p16110coll2/id/104801.pdf","https://temoshee.github.io/executiveorders/items/cdm104801.html"
"https://cdm16110.contentdm.oclc.org/utils/getthumbnail/collection/p16110coll2/id/104802","https://cdm16110.contentdm.oclc.org/utils/getfile/collection/p16110coll2/id/104802.pdf","https://temoshee.github.io/executiveorders/items/cdm104802.html"
"https://cdm16110.contentdm.oclc.org/utils/getthumbnail/collection/p16110coll2/id/104803","https://cdm16110.contentdm.oclc.org/utils/getfile/collection/p16110coll2/id/104803.pdf","https://temoshee.github.io/executiveorders/items/cdm104803.html"
"https://cdm16110.contentdm.oclc.org/utils/getthumbnail/collection/p16110coll2/id/104804","https://cdm16110.contentdm.oclc.org/utils/getfile/collection/p16110coll2/id/104804.pdf","https://temoshee.github.io/executiveorders/items/cdm104804.html"
"https://cdm16110.contentdm.oclc.org/utils/getthumbnail/collection/p16110coll2/id/104805","https://cdm16110.contentdm.oclc.org/utils/getfile/collection/p16110coll2/id/104805.pdf","https://temoshee.github.io/executiveorders/items/cdm104805.html"
"https://cdm16110.contentdm.oclc.org/utils/getthumbnail/collection/p16110coll2/id/104806","https://cdm16110.contentdm.oclc.org/utils/getfile/collection/p16110coll2/id/104806.pdf","https://temoshee.github.io/executiveorders/items/cdm104806.html"
"https://cdm16110.contentdm.oclc.org/utils/getthumbnail/collection/p16110coll2/id/104807","https://cdm16110.contentdm.oclc.org/utils/getfile/collection/p16110coll2/id/104807.pdf","https://temoshee.github.io/executiveorders/items/cdm104807.html"
"https://cdm16110.contentdm.oclc.org/utils/getthumbnail/collection/p16110coll2/id/104808","https://cdm16110.contentdm.oclc.org/utils/getfile/collection/p16110coll2/id/104808.pdf","https://temoshee.github.io/executiveorders/items/cdm104808.html"
"https://cdm16110.contentdm.oclc.org/utils/getthumbnail/collection/p16110coll2/id/104809","https://cdm16110.contentdm.oclc.org/utils/getfile/collection/p16110coll2/id/104809.pdf","https://temoshee.github.io/executiveorders/items/cdm104809.html"
"https://cdm16110.contentdm.oclc.org/utils/getthumbnail/collection/p16110coll2/id/104810","https://cdm16110.contentdm.oclc.org/utils/getfile/collection/p16110coll2/id/104810.pdf","https://temoshee.github.io/executiveorders/items/cdm104810.html"
"https://cdm16110.contentdm.oclc.org/utils/getthumbnail/collection/p16110coll2/id/104811","https://cdm16110.contentdm.oclc.org/utils/getfile/collection/p16110coll2/id/104811.pdf","https://temoshee.github.io/executiveorders/items/cdm104811.html"
"https://cdm16110.contentdm.oclc.org/utils/getthumbnail/collection/p16110coll2/id/104812","https://cdm16110.contentdm.oclc.org/utils/getfile/collection/p16110coll2/id/104812.pdf","https://temoshee.github.io/executiveorders/items/cdm104812.html"
"https://cdm16110.contentdm.oclc.org/utils/getthumbnail/collection/p16110coll2/id/104814","https://cdm16110.contentdm.oclc.org/utils/getfile/collection/p16110coll2/id/104814.pdf","https://temoshee.github.io/executiveorders/items/cdm104814.html"
"https://cdm16110.contentdm.oclc.org/utils/getthumbnail/collection/p16110coll2/id/104815","https://cdm16110.contentdm.oclc.org/utils/getfile/collection/p16110coll2/id/104815.pdf","https://temoshee.github.io/executiveorders/items/cdm104815.html"
"https://cdm16110.contentdm.oclc.org/utils/getthumbnail/collection/p16110coll2/id/104816","https://cdm16110.contentdm.oclc.org/utils/getfile/collection/p16110coll2/id/104816.pdf","https://temoshee.github.io/executiveorders/items/cdm104816.html"
"https://cdm16110.contentdm.oclc.org/utils/getthumbnail/collection/p16110coll2/id/104817","https://cdm16110.contentdm.oclc.org/utils/getfile/collection/p16110coll2/id/104817.pdf","https://temoshee.github.io/executiveorders/items/cdm104817.html"
"https://cdm16110.contentdm.oclc.org/utils/getthumbnail/collection/p16110coll2/id/104818","https://cdm16110.contentdm.oclc.org/utils/getfile/collection/p16110coll2/id/104818.pdf","https://temoshee.github.io/executiveorders/items/cdm104818.html"
"https://cdm16110.contentdm.oclc.org/utils/getthumbnail/collection/p16110coll2/id/104819","https://cdm16110.contentdm.oclc.org/utils/getfile/collection/p16110coll2/id/104819.pdf","https://temoshee.github.io/executiveorders/items/cdm104819.html"
"https://cdm16110.contentdm.oclc.org/utils/getthumbnail/collection/p16110coll2/id/104820","https://cdm16110.contentdm.oclc.org/utils/getfile/collection/p16110coll2/id/104820.pdf","https://temoshee.github.io/executiveorders/items/cdm104820.html"
"https://cdm16110.contentdm.oclc.org/utils/getthumbnail/collection/p16110coll2/id/104821","https://cdm16110.contentdm.oclc.org/utils/getfile/collection/p16110coll2/id/104821.pdf","https://temoshee.github.io/executiveorders/items/cdm104821.html"
"https://cdm16110.contentdm.oclc.org/utils/getthumbnail/collection/p16110coll2/id/104822","https://cdm16110.contentdm.oclc.org/utils/getfile/collection/p16110coll2/id/104822.pdf","https://temoshee.github.io/executiveorders/items/cdm104822.html"
"https://cdm16110.contentdm.oclc.org/utils/getthumbnail/collection/p16110coll2/id/104823","https://cdm16110.contentdm.oclc.org/utils/getfile/collection/p16110coll2/id/104823.pdf","https://temoshee.github.io/executiveorders/items/cdm104823.html"
"https://cdm16110.contentdm.oclc.org/utils/getthumbnail/collection/p16110coll2/id/104824","https://cdm16110.contentdm.oclc.org/utils/getfile/collection/p16110coll2/id/104824.pdf","https://temoshee.github.io/executiveorders/items/cdm104824.html"
"https://cdm16110.contentdm.oclc.org/utils/getthumbnail/collection/p16110coll2/id/104825","https://cdm16110.contentdm.oclc.org/utils/getfile/collection/p16110coll2/id/104825.pdf","https://temoshee.github.io/executiveorders/items/cdm104825.html"
"https://cdm16110.contentdm.oclc.org/utils/getthumbnail/collection/p16110coll2/id/104826","https://cdm16110.contentdm.oclc.org/utils/getfile/collection/p16110coll2/id/104826.pdf","https://temoshee.github.io/executiveorders/items/cdm104826.html"
"https://cdm16110.contentdm.oclc.org/utils/getthumbnail/collection/p16110coll2/id/104827","https://cdm16110.contentdm.oclc.org/utils/getfile/collection/p16110coll2/id/104827.pdf","https://temoshee.github.io/executiveorders/items/cdm104827.html"
"https://cdm16110.contentdm.oclc.org/utils/getthumbnail/collection/p16110coll2/id/104828","https://cdm16110.contentdm.oclc.org/utils/getfile/collection/p16110coll2/id/104828.pdf","https://temoshee.github.io/executiveorders/items/cdm104828.html"
"https://cdm16110.contentdm.oclc.org/utils/getthumbnail/collection/p16110coll2/id/104830","https://cdm16110.contentdm.oclc.org/utils/getfile/collection/p16110coll2/id/104830.pdf","https://temoshee.github.io/executiveorders/items/cdm104830.html"
"https://cdm16110.contentdm.oclc.org/utils/getthumbnail/collection/p16110coll2/id/104831","https://cdm16110.contentdm.oclc.org/utils/getfile/collection/p16110coll2/id/104831.pdf","https://temoshee.github.io/executiveorders/items/cdm104831.html"
"https://cdm16110.contentdm.oclc.org/utils/getthumbnail/collection/p16110coll2/id/104832","https://cdm16110.contentdm.oclc.org/utils/getfile/collection/p16110coll2/id/104832.pdf","https://temoshee.github.io/executiveorders/items/cdm104832.html"
"https://cdm16110.contentdm.oclc.org/utils/getthumbnail/collection/p16110coll2/id/104833","https://cdm16110.contentdm.oclc.org/utils/getfile/collection/p16110coll2/id/104833.pdf","https://temoshee.github.io/executiveorders/items/cdm104833.html"
"https://cdm16110.contentdm.oclc.org/utils/getthumbnail/collection/p16110coll2/id/104834","https://cdm16110.contentdm.oclc.org/utils/getfile/collection/p16110coll2/id/104834.pdf","https://temoshee.github.io/executiveorders/items/cdm104834.html"
"https://cdm16110.contentdm.oclc.org/utils/getthumbnail/collection/p16110coll2/id/104835","https://cdm16110.contentdm.oclc.org/utils/getfile/collection/p16110coll2/id/104835.pdf","https://temoshee.github.io/executiveorders/items/cdm104835.html"
"https://cdm16110.contentdm.oclc.org/utils/getthumbnail/collection/p16110coll2/id/104836","https://cdm16110.contentdm.oclc.org/utils/getfile/collection/p16110coll2/id/104836.pdf","https://temoshee.github.io/executiveorders/items/cdm104836.html"
"https://cdm16110.contentdm.oclc.org/utils/getthumbnail/collection/p16110coll2/id/104837","https://cdm16110.contentdm.oclc.org/utils/getfile/collection/p16110coll2/id/104837.pdf","https://temoshee.github.io/executiveorders/items/cdm104837.html"
"https://cdm16110.contentdm.oclc.org/utils/getthumbnail/collection/p16110coll2/id/104838","https://cdm16110.contentdm.oclc.org/utils/getfile/collection/p16110coll2/id/104838.pdf","https://temoshee.github.io/executiveorders/items/cdm104838.html"
"https://cdm16110.contentdm.oclc.org/utils/getthumbnail/collection/p16110coll2/id/104839","https://cdm16110.contentdm.oclc.org/utils/getfile/collection/p16110coll2/id/104839.pdf","https://temoshee.github.io/executiveorders/items/cdm104839.html"
"https://cdm16110.contentdm.oclc.org/utils/getthumbnail/collection/p16110coll2/id/104841","https://cdm16110.contentdm.oclc.org/utils/getfile/collection/p16110coll2/id/104841.pdf","https://temoshee.github.io/executiveorders/items/cdm104841.html"
"https://cdm16110.contentdm.oclc.org/utils/getthumbnail/collection/p16110coll2/id/104842","https://cdm16110.contentdm.oclc.org/utils/getfile/collection/p16110coll2/id/104842.pdf","https://temoshee.github.io/executiveorders/items/cdm104842.html"
"https://cdm16110.contentdm.oclc.org/utils/getthumbnail/collection/p16110coll2/id/104843","https://cdm16110.contentdm.oclc.org/utils/getfile/collection/p16110coll2/id/104843.pdf","https://temoshee.github.io/executiveorders/items/cdm104843.html"
"https://cdm16110.contentdm.oclc.org/utils/getthumbnail/collection/p16110coll2/id/104844","https://cdm16110.contentdm.oclc.org/utils/getfile/collection/p16110coll2/id/104844.pdf","https://temoshee.github.io/executiveorders/items/cdm104844.html"
"https://cdm16110.contentdm.oclc.org/utils/getthumbnail/collection/p16110coll2/id/104845","https://cdm16110.contentdm.oclc.org/utils/getfile/collection/p16110coll2/id/104845.pdf","https://temoshee.github.io/executiveorders/items/cdm104845.html"
"https://cdm16110.contentdm.oclc.org/utils/getthumbnail/collection/p16110coll2/id/104846","https://cdm16110.contentdm.oclc.org/utils/getfile/collection/p16110coll2/id/104846.pdf","https://temoshee.github.io/executiveorders/items/cdm104846.html"
"https://cdm16110.contentdm.oclc.org/utils/getthumbnail/collection/p16110coll2/id/104847","https://cdm16110.contentdm.oclc.org/utils/getfile/collection/p16110coll2/id/104847.pdf","https://temoshee.github.io/executiveorders/items/cdm104847.html"
"https://cdm16110.contentdm.oclc.org/utils/getthumbnail/collection/p16110coll2/id/104848","https://cdm16110.contentdm.oclc.org/utils/getfile/collection/p16110coll2/id/104848.pdf","https://temoshee.github.io/executiveorders/items/cdm104848.html"
"https://cdm16110.contentdm.oclc.org/utils/getthumbnail/collection/p16110coll2/id/104849","https://cdm16110.contentdm.oclc.org/utils/getfile/collection/p16110coll2/id/104849.pdf","https://temoshee.github.io/executiveorders/items/cdm104849.html"
"https://cdm16110.contentdm.oclc.org/utils/getthumbnail/collection/p16110coll2/id/104850","https://cdm16110.contentdm.oclc.org/utils/getfile/collection/p16110coll2/id/104850.pdf","https://temoshee.github.io/executiveorders/items/cdm104850.html"
"https://cdm16110.contentdm.oclc.org/utils/getthumbnail/collection/p16110coll2/id/104851","https://cdm16110.contentdm.oclc.org/utils/getfile/collection/p16110coll2/id/104851.pdf","https://temoshee.github.io/executiveorders/items/cdm104851.html"
"https://cdm16110.contentdm.oclc.org/utils/getthumbnail/collection/p16110coll2/id/104852","https://cdm16110.contentdm.oclc.org/utils/getfile/collection/p16110coll2/id/104852.pdf","https://temoshee.github.io/executiveorders/items/cdm104852.html"
"https://cdm16110.contentdm.oclc.org/utils/getthumbnail/collection/p16110coll2/id/104853","https://cdm16110.contentdm.oclc.org/utils/getfile/collection/p16110coll2/id/104853.pdf","https://temoshee.github.io/executiveorders/items/cdm104853.html"
"https://cdm16110.contentdm.oclc.org/utils/getthumbnail/collection/p16110coll2/id/104854","https://cdm16110.contentdm.oclc.org/utils/getfile/collection/p16110coll2/id/104854.pdf","https://temoshee.github.io/executiveorders/items/cdm104854.html"
"https://cdm16110.contentdm.oclc.org/utils/getthumbnail/collection/p16110coll2/id/104855","https://cdm16110.contentdm.oclc.org/utils/getfile/collection/p16110coll2/id/104855.pdf","https://temoshee.github.io/executiveorders/items/cdm104855.html"
"https://cdm16110.contentdm.oclc.org/utils/getthumbnail/collection/p16110coll2/id/104856","https://cdm16110.contentdm.oclc.org/utils/getfile/collection/p16110coll2/id/104856.pdf","https://temoshee.github.io/executiveorders/items/cdm104856.html"
"https://cdm16110.contentdm.oclc.org/utils/getthumbnail/collection/p16110coll2/id/104857","https://cdm16110.contentdm.oclc.org/utils/getfile/collection/p16110coll2/id/104857.pdf","https://temoshee.github.io/executiveorders/items/cdm104857.html"
"https://cdm16110.contentdm.oclc.org/utils/getthumbnail/collection/p16110coll2/id/104858","https://cdm16110.contentdm.oclc.org/utils/getfile/collection/p16110coll2/id/104858.pdf","https://temoshee.github.io/executiveorders/items/cdm104858.html"
"https://cdm16110.contentdm.oclc.org/utils/getthumbnail/collection/p16110coll2/id/104859","https://cdm16110.contentdm.oclc.org/utils/getfile/collection/p16110coll2/id/104859.pdf","https://temoshee.github.io/executiveorders/items/cdm104859.html"
"https://cdm16110.contentdm.oclc.org/utils/getthumbnail/collection/p16110coll2/id/104861","https://cdm16110.contentdm.oclc.org/utils/getfile/collection/p16110coll2/id/104861.pdf","https://temoshee.github.io/executiveorders/items/cdm104861.html"
"https://cdm16110.contentdm.oclc.org/utils/getthumbnail/collection/p16110coll2/id/104862","https://cdm16110.contentdm.oclc.org/utils/getfile/collection/p16110coll2/id/104862.pdf","https://temoshee.github.io/executiveorders/items/cdm104862.html"
"https://cdm16110.contentdm.oclc.org/utils/getthumbnail/collection/p16110coll2/id/104863","https://cdm16110.contentdm.oclc.org/utils/getfile/collection/p16110coll2/id/104863.pdf","https://temoshee.github.io/executiveorders/items/cdm104863.html"
"https://cdm16110.contentdm.oclc.org/utils/getthumbnail/collection/p16110coll2/id/104864","https://cdm16110.contentdm.oclc.org/utils/getfile/collection/p16110coll2/id/104864.pdf","https://temoshee.github.io/executiveorders/items/cdm104864.html"
"https://cdm16110.contentdm.oclc.org/utils/getthumbnail/collection/p16110coll2/id/104865","https://cdm16110.contentdm.oclc.org/utils/getfile/collection/p16110coll2/id/104865.pdf","https://temoshee.github.io/executiveorders/items/cdm104865.html"
"https://cdm16110.contentdm.oclc.org/utils/getthumbnail/collection/p16110coll2/id/104866","https://cdm16110.contentdm.oclc.org/utils/getfile/collection/p16110coll2/id/104866.pdf","https://temoshee.github.io/executiveorders/items/cdm104866.html"
"https://cdm16110.contentdm.oclc.org/utils/getthumbnail/collection/p16110coll2/id/104867","https://cdm16110.contentdm.oclc.org/utils/getfile/collection/p16110coll2/id/104867.pdf","https://temoshee.github.io/executiveorders/items/cdm104867.html"
"https://cdm16110.contentdm.oclc.org/utils/getthumbnail/collection/p16110coll2/id/104868","https://cdm16110.contentdm.oclc.org/utils/getfile/collection/p16110coll2/id/104868.pdf","https://temoshee.github.io/executiveorders/items/cdm104868.html"
"https://cdm16110.contentdm.oclc.org/utils/getthumbnail/collection/p16110coll2/id/104869","https://cdm16110.contentdm.oclc.org/utils/getfile/collection/p16110coll2/id/104869.pdf","https://temoshee.github.io/executiveorders/items/cdm104869.html"
"https://cdm16110.contentdm.oclc.org/utils/getthumbnail/collection/p16110coll2/id/104870","https://cdm16110.contentdm.oclc.org/utils/getfile/collection/p16110coll2/id/104870.pdf","https://temoshee.github.io/executiveorders/items/cdm104870.html"
"https://cdm16110.contentdm.oclc.org/utils/getthumbnail/collection/p16110coll2/id/104871","https://cdm16110.contentdm.oclc.org/utils/getfile/collection/p16110coll2/id/104871.pdf","https://temoshee.github.io/executiveorders/items/cdm104871.html"
"https://cdm16110.contentdm.oclc.org/utils/getthumbnail/collection/p16110coll2/id/104872","https://cdm16110.contentdm.oclc.org/utils/getfile/collection/p16110coll2/id/104872.pdf","https://temoshee.github.io/executiveorders/items/cdm104872.html"
"https://cdm16110.contentdm.oclc.org/utils/getthumbnail/collection/p16110coll2/id/104874","https://cdm16110.contentdm.oclc.org/utils/getfile/collection/p16110coll2/id/104874.pdf","https://temoshee.github.io/executiveorders/items/cdm104874.html"
"https://cdm16110.contentdm.oclc.org/utils/getthumbnail/collection/p16110coll2/id/104875","https://cdm16110.contentdm.oclc.org/utils/getfile/collection/p16110coll2/id/104875.pdf","https://temoshee.github.io/executiveorders/items/cdm104875.html"
"https://cdm16110.contentdm.oclc.org/utils/getthumbnail/collection/p16110coll2/id/104876","https://cdm16110.contentdm.oclc.org/utils/getfile/collection/p16110coll2/id/104876.pdf","https://temoshee.github.io/executiveorders/items/cdm104876.html"
"https://cdm16110.contentdm.oclc.org/utils/getthumbnail/collection/p16110coll2/id/104877","https://cdm16110.contentdm.oclc.org/utils/getfile/collection/p16110coll2/id/104877.pdf","https://temoshee.github.io/executiveorders/items/cdm104877.html"
"https://cdm16110.contentdm.oclc.org/utils/getthumbnail/collection/p16110coll2/id/104878","https://cdm16110.contentdm.oclc.org/utils/getfile/collection/p16110coll2/id/104878.pdf","https://temoshee.github.io/executiveorders/items/cdm104878.html"
"https://cdm16110.contentdm.oclc.org/utils/getthumbnail/collection/p16110coll2/id/104879","https://cdm16110.contentdm.oclc.org/utils/getfile/collection/p16110coll2/id/104879.pdf","https://temoshee.github.io/executiveorders/items/cdm104879.html"
"https://cdm16110.contentdm.oclc.org/utils/getthumbnail/collection/p16110coll2/id/104880","https://cdm16110.contentdm.oclc.org/utils/getfile/collection/p16110coll2/id/104880.pdf","https://temoshee.github.io/executiveorders/items/cdm104880.html"
"https://cdm16110.contentdm.oclc.org/utils/getthumbnail/collection/p16110coll2/id/104881","https://cdm16110.contentdm.oclc.org/utils/getfile/collection/p16110coll2/id/104881.pdf","https://temoshee.github.io/executiveorders/items/cdm104881.html"
"https://cdm16110.contentdm.oclc.org/utils/getthumbnail/collection/p16110coll2/id/104882","https://cdm16110.contentdm.oclc.org/utils/getfile/collection/p16110coll2/id/104882.pdf","https://temoshee.github.io/executiveorders/items/cdm104882.html"
"https://cdm16110.contentdm.oclc.org/utils/getthumbnail/collection/p16110coll2/id/104883","https://cdm16110.contentdm.oclc.org/utils/getfile/collection/p16110coll2/id/104883.pdf","https://temoshee.github.io/executiveorders/items/cdm104883.html"
"https://cdm16110.contentdm.oclc.org/utils/getthumbnail/collection/p16110coll2/id/104884","https://cdm16110.contentdm.oclc.org/utils/getfile/collection/p16110coll2/id/104884.pdf","https://temoshee.github.io/executiveorders/items/cdm104884.html"
"https://cdm16110.contentdm.oclc.org/utils/getthumbnail/collection/p16110coll2/id/104885","https://cdm16110.contentdm.oclc.org/utils/getfile/collection/p16110coll2/id/104885.pdf","https://temoshee.github.io/executiveorders/items/cdm104885.html"
"https://cdm16110.contentdm.oclc.org/utils/getthumbnail/collection/p16110coll2/id/104887","https://cdm16110.contentdm.oclc.org/utils/getfile/collection/p16110coll2/id/104887.pdf","https://temoshee.github.io/executiveorders/items/cdm104887.html"
"https://cdm16110.contentdm.oclc.org/utils/getthumbnail/collection/p16110coll2/id/104888","https://cdm16110.contentdm.oclc.org/utils/getfile/collection/p16110coll2/id/104888.pdf","https://temoshee.github.io/executiveorders/items/cdm104888.html"
"https://cdm16110.contentdm.oclc.org/utils/getthumbnail/collection/p16110coll2/id/104889","https://cdm16110.contentdm.oclc.org/utils/getfile/collection/p16110coll2/id/104889.pdf","https://temoshee.github.io/executiveorders/items/cdm104889.html"
"https://cdm16110.contentdm.oclc.org/utils/getthumbnail/collection/p16110coll2/id/104890","https://cdm16110.contentdm.oclc.org/utils/getfile/collection/p16110coll2/id/104890.pdf","https://temoshee.github.io/executiveorders/items/cdm104890.html"
"https://cdm16110.contentdm.oclc.org/utils/getthumbnail/collection/p16110coll2/id/104891","https://cdm16110.contentdm.oclc.org/utils/getfile/collection/p16110coll2/id/104891.pdf","https://temoshee.github.io/executiveorders/items/cdm104891.html"
"https://cdm16110.contentdm.oclc.org/utils/getthumbnail/collection/p16110coll2/id/104892","https://cdm16110.contentdm.oclc.org/utils/getfile/collection/p16110coll2/id/104892.pdf","https://temoshee.github.io/executiveorders/items/cdm104892.html"
"https://cdm16110.contentdm.oclc.org/utils/getthumbnail/collection/p16110coll2/id/104893","https://cdm16110.contentdm.oclc.org/utils/getfile/collection/p16110coll2/id/104893.pdf","https://temoshee.github.io/executiveorders/items/cdm104893.html"
"https://cdm16110.contentdm.oclc.org/utils/getthumbnail/collection/p16110coll2/id/104894","https://cdm16110.contentdm.oclc.org/utils/getfile/collection/p16110coll2/id/104894.pdf","https://temoshee.github.io/executiveorders/items/cdm104894.html"
"https://cdm16110.contentdm.oclc.org/utils/getthumbnail/collection/p16110coll2/id/104895","https://cdm16110.contentdm.oclc.org/utils/getfile/collection/p16110coll2/id/104895.pdf","https://temoshee.github.io/executiveorders/items/cdm104895.html"
"https://cdm16110.contentdm.oclc.org/utils/getthumbnail/collection/p16110coll2/id/104896","https://cdm16110.contentdm.oclc.org/utils/getfile/collection/p16110coll2/id/104896.pdf","https://temoshee.github.io/executiveorders/items/cdm104896.html"
"https://cdm16110.contentdm.oclc.org/utils/getthumbnail/collection/p16110coll2/id/104897","https://cdm16110.contentdm.oclc.org/utils/getfile/collection/p16110coll2/id/104897.pdf","https://temoshee.github.io/executiveorders/items/cdm104897.html"
"https://cdm16110.contentdm.oclc.org/utils/getthumbnail/collection/p16110coll2/id/104898","https://cdm16110.contentdm.oclc.org/utils/getfile/collection/p16110coll2/id/104898.pdf","https://temoshee.github.io/executiveorders/items/cdm104898.html"
"https://cdm16110.contentdm.oclc.org/utils/getthumbnail/collection/p16110coll2/id/104899","https://cdm16110.contentdm.oclc.org/utils/getfile/collection/p16110coll2/id/104899.pdf","https://temoshee.github.io/executiveorders/items/cdm104899.html"
"https://cdm16110.contentdm.oclc.org/utils/getthumbnail/collection/p16110coll2/id/104900","https://cdm16110.contentdm.oclc.org/utils/getfile/collection/p16110coll2/id/104900.pdf","https://temoshee.github.io/executiveorders/items/cdm104900.html"
"https://cdm16110.contentdm.oclc.org/utils/getthumbnail/collection/p16110coll2/id/104901","https://cdm16110.contentdm.oclc.org/utils/getfile/collection/p16110coll2/id/104901.pdf","https://temoshee.github.io/executiveorders/items/cdm104901.html"
"https://cdm16110.contentdm.oclc.org/utils/getthumbnail/collection/p16110coll2/id/104902","https://cdm16110.contentdm.oclc.org/utils/getfile/collection/p16110coll2/id/104902.pdf","https://temoshee.github.io/executiveorders/items/cdm104902.html"
"https://cdm16110.contentdm.oclc.org/utils/getthumbnail/collection/p16110coll2/id/104903","https://cdm16110.contentdm.oclc.org/utils/getfile/collection/p16110coll2/id/104903.pdf","https://temoshee.github.io/executiveorders/items/cdm104903.html"
"https://cdm16110.contentdm.oclc.org/utils/getthumbnail/collection/p16110coll2/id/104905","https://cdm16110.contentdm.oclc.org/utils/getfile/collection/p16110coll2/id/104905.pdf","https://temoshee.github.io/executiveorders/items/cdm104905.html"
"https://cdm16110.contentdm.oclc.org/utils/getthumbnail/collection/p16110coll2/id/104906","https://cdm16110.contentdm.oclc.org/utils/getfile/collection/p16110coll2/id/104906.pdf","https://temoshee.github.io/executiveorders/items/cdm104906.html"
"https://cdm16110.contentdm.oclc.org/utils/getthumbnail/collection/p16110coll2/id/104907","https://cdm16110.contentdm.oclc.org/utils/getfile/collection/p16110coll2/id/104907.pdf","https://temoshee.github.io/executiveorders/items/cdm104907.html"
"https://cdm16110.contentdm.oclc.org/utils/getthumbnail/collection/p16110coll2/id/104908","https://cdm16110.contentdm.oclc.org/utils/getfile/collection/p16110coll2/id/104908.pdf","https://temoshee.github.io/executiveorders/items/cdm104908.html"
"https://cdm16110.contentdm.oclc.org/utils/getthumbnail/collection/p16110coll2/id/104909","https://cdm16110.contentdm.oclc.org/utils/getfile/collection/p16110coll2/id/104909.pdf","https://temoshee.github.io/executiveorders/items/cdm104909.html"
"https://cdm16110.contentdm.oclc.org/utils/getthumbnail/collection/p16110coll2/id/104910","https://cdm16110.contentdm.oclc.org/utils/getfile/collection/p16110coll2/id/104910.pdf","https://temoshee.github.io/executiveorders/items/cdm104910.html"
"https://cdm16110.contentdm.oclc.org/utils/getthumbnail/collection/p16110coll2/id/104911","https://cdm16110.contentdm.oclc.org/utils/getfile/collection/p16110coll2/id/104911.pdf","https://temoshee.github.io/executiveorders/items/cdm104911.html"
"https://cdm16110.contentdm.oclc.org/utils/getthumbnail/collection/p16110coll2/id/104912","https://cdm16110.contentdm.oclc.org/utils/getfile/collection/p16110coll2/id/104912.pdf","https://temoshee.github.io/executiveorders/items/cdm104912.html"
"https://cdm16110.contentdm.oclc.org/utils/getthumbnail/collection/p16110coll2/id/104913","https://cdm16110.contentdm.oclc.org/utils/getfile/collection/p16110coll2/id/104913.pdf","https://temoshee.github.io/executiveorders/items/cdm104913.html"
"https://cdm16110.contentdm.oclc.org/utils/getthumbnail/collection/p16110coll2/id/104914","https://cdm16110.contentdm.oclc.org/utils/getfile/collection/p16110coll2/id/104914.pdf","https://temoshee.github.io/executiveorders/items/cdm104914.html"
"https://cdm16110.contentdm.oclc.org/utils/getthumbnail/collection/p16110coll2/id/104915","https://cdm16110.contentdm.oclc.org/utils/getfile/collection/p16110coll2/id/104915.pdf","https://temoshee.github.io/executiveorders/items/cdm104915.html"
"https://cdm16110.contentdm.oclc.org/utils/getthumbnail/collection/p16110coll2/id/104916","https://cdm16110.contentdm.oclc.org/utils/getfile/collection/p16110coll2/id/104916.pdf","https://temoshee.github.io/executiveorders/items/cdm104916.html"

